from,to
Assets/About/86726A7B-598E-4191-B03A-BC25C8A663BD_186726A7B-598E-4191-B03A-BC25C8A663BD.webp,Assets/About/about-86726a7b-598e-4191-b03a-bc25c8a663bd-186726a7b-598e-4191-b03a-bc25c8a663bd.webp
Assets/About/About_02-p-500.jpg,Assets/About/about-02-p-500.jpg
Assets/About/About_04-p-500.jpg,Assets/About/about-04-p-500.jpg
Assets/About/About_1.1.jpg,Assets/About/about-01-01.jpg
Assets/About/About_1.1.mp4,Assets/About/about-01-01.mp4
Assets/About/About_1.1.webm,Assets/About/about-01-01.webm
Assets/About/About_1.2.jpg,Assets/About/about-01-02.jpg
Assets/About/About_1.2.mp4,Assets/About/about-01-02.mp4
Assets/About/About_1.2.webm,Assets/About/about-01-02.webm
Assets/About/About_2.1.jpg,Assets/About/about-02-01.jpg
Assets/About/About_2.1.mov,Assets/About/about-02-01.mov
Assets/About/About_2.1.mp4,Assets/About/about-02-01.mp4
Assets/About/About_2.2.jpg,Assets/About/about-02-02.jpg
Assets/About/About_2.2.mp4,Assets/About/about-02-02.mp4
Assets/About/About_2.2.webm,Assets/About/about-02-02.webm
Assets/About/About_4.1.jpg,Assets/About/about-04-01.jpg
Assets/About/About_4.1.mp4,Assets/About/about-04-01.mp4
Assets/About/About_4.1.webm,Assets/About/about-04-01.webm
Assets/About/KL--transcode.webm,Assets/About/about-kl-transcode.webm
Assets/About/hej.jpg,Assets/About/about-hej.jpg
Assets/Backfabrik/Backfabrik_01.mp4,Assets/Backfabrik/backfabrik-01.mp4
Assets/Backfabrik/Backfabrik_01.webm,Assets/Backfabrik/backfabrik-01.webm
Assets/Backfabrik/Backfabrik_02.webp,Assets/Backfabrik/backfabrik-02.webp
Assets/Backfabrik/Backfabrik_03.svg,Assets/Backfabrik/backfabrik-03.svg
Assets/Backfabrik/Backfabrik_04.1.webp,Assets/Backfabrik/backfabrik-04-01.webp
Assets/Backfabrik/Backfabrik_04.2.webp,Assets/Backfabrik/backfabrik-04-02.webp
Assets/Backfabrik/Backfabrik_05.svg,Assets/Backfabrik/backfabrik-05.svg
Assets/Backfabrik/Backfabrik_06.webp,Assets/Backfabrik/backfabrik-06.webp
Assets/Backfabrik/Backfabrik_07.svg,Assets/Backfabrik/backfabrik-07.svg
Assets/Backfabrik/Backfabrik_08.1.svg,Assets/Backfabrik/backfabrik-08-01.svg
Assets/Backfabrik/Backfabrik_08.2.svg,Assets/Backfabrik/backfabrik-08-02.svg
Assets/Backfabrik/Backfabrik_09.avif,Assets/Backfabrik/backfabrik-09.avif
Assets/Backfabrik/Backfabrik_10.1.webp,Assets/Backfabrik/backfabrik-10-01.webp
Assets/Backfabrik/Backfabrik_10.2.gif,Assets/Backfabrik/backfabrik-10-02.gif
Assets/Backfabrik/Backfabrik_11.webp,Assets/Backfabrik/backfabrik-11.webp
Assets/Backfabrik/Backfabrik_12.webp,Assets/Backfabrik/backfabrik-12.webp
Assets/Backfabrik/Backfabrik_13.webp,Assets/Backfabrik/backfabrik-13.webp
Assets/Backfabrik/Backfabrik_14.svg,Assets/Backfabrik/backfabrik-14.svg
Assets/Bailet/bailet_01.jpg,Assets/Bailet/bailet-01.jpg
Assets/Bailet/bailet_02.1.avif,Assets/Bailet/bailet-02-01.avif
Assets/Bailet/bailet_02.2.avif,Assets/Bailet/bailet-02-02.avif
Assets/Bailet/bailet_03.mp4,Assets/Bailet/bailet-03.mp4
Assets/Bailet/bailet_04.1.avif,Assets/Bailet/bailet-04-01.avif
Assets/Bailet/bailet_04.2.avif,Assets/Bailet/bailet-04-02.avif
Assets/Bailet/bailet_05.svg,Assets/Bailet/bailet-05.svg
Assets/Bailet/bailet_06.1.svg,Assets/Bailet/bailet-06-01.svg
Assets/Bailet/bailet_06.2.svg,Assets/Bailet/bailet-06-02.svg
Assets/Bailet/bailet_07.svg,Assets/Bailet/bailet-07.svg
Assets/Bailet/bailet_08.1.avif,Assets/Bailet/bailet-08-01.avif
Assets/Bailet/bailet_08.2.avif,Assets/Bailet/bailet-08-02.avif
Assets/Blankens/blankens_1.1.svg,Assets/Blankens/blankens-01-01.svg
Assets/Blankens/blankens_1.2.avif,Assets/Blankens/blankens-01-02.avif
Assets/Blankens/blankens_2.avif,Assets/Blankens/blankens-02.avif
Assets/Blankens/blankens_3.svg,Assets/Blankens/blankens-03.svg
Assets/Blankens/blankens_4.avif,Assets/Blankens/blankens-04.avif
Assets/Blankens/blankens_5.avif,Assets/Blankens/blankens-05.avif
Assets/Blankens/blankens_6.svg,Assets/Blankens/blankens-06.svg
Assets/Blankens/blankens_7.avif,Assets/Blankens/blankens-07.avif
Assets/Blankens/blankens_8.1.avif,Assets/Blankens/blankens-08-01.avif
Assets/Blankens/blankens_8.2.avif,Assets/Blankens/blankens-08-02.avif
Assets/Bord/Bord_1.1.jpg,Assets/Bord/bord-01-01.jpg
Assets/Bord/Bord_1.2.jpg,Assets/Bord/bord-01-02.jpg
Assets/Bord/Bord_2.gif,Assets/Bord/bord-02.gif
Assets/Bord/Bord_3.jpg,Assets/Bord/bord-03.jpg
Assets/Bord/Bord_4.jpg,Assets/Bord/bord-04.jpg
Assets/Bord/Bord_5.jpg,Assets/Bord/bord-05.jpg
Assets/Bord/Bord_6.1.jpg,Assets/Bord/bord-06-01.jpg
Assets/Bord/Bord_6.2.jpg,Assets/Bord/bord-06-02.jpg
Assets/Bord/Bord_7.jpg,Assets/Bord/bord-07.jpg
Assets/Cervera/cervera_1.avif,Assets/Cervera/cervera-01.avif
Assets/Cervera/cervera_2.avif,Assets/Cervera/cervera-02.avif
Assets/Cervera/cervera_3.avif,Assets/Cervera/cervera-03.avif
Assets/Cervera/cervera_4.avif,Assets/Cervera/cervera-04.avif
Assets/Coop73/Coop73_1.webm,Assets/Coop73/coop73-01.webm
Assets/Coop73/coop73_2.svg,Assets/Coop73/coop73-02.svg
Assets/Coop73/coop73_3.avif,Assets/Coop73/coop73-03.avif
Assets/Coop73/coop73_4.svg,Assets/Coop73/coop73-04.svg
Assets/Coop73/coop73_5.avif,Assets/Coop73/coop73-05.avif
Assets/Coop73/coop73_6.svg,Assets/Coop73/coop73-06.svg
Assets/Coop73/coop73_7.avif,Assets/Coop73/coop73-07.avif
Assets/Cucina/Cucina_1.jpg,Assets/Cucina/cucina-01.jpg
Assets/Cucina/Cucina_2.webm,Assets/Cucina/cucina-02.webm
Assets/Cucina/Cucina_3.webm,Assets/Cucina/cucina-03.webm
Assets/Cucina/Cucina_4.jpg,Assets/Cucina/cucina-04.jpg
Assets/Cucina/Cucina_5.jpg,Assets/Cucina/cucina-05.jpg
Assets/Cucina/Cucina_6.1.jpg,Assets/Cucina/cucina-06-01.jpg
Assets/Cucina/Cucina_6.2.jpg,Assets/Cucina/cucina-06-02.jpg
Assets/Cucina/Cucina_7.jpg,Assets/Cucina/cucina-07.jpg
Assets/Cucina/Cucina_8.1.jpg,Assets/Cucina/cucina-08-01.jpg
Assets/Cucina/Cucina_8.2.jpg,Assets/Cucina/cucina-08-02.jpg
Assets/Cucina/Cucina_9.webm,Assets/Cucina/cucina-09.webm
Assets/Gallno/gallno_1.webm,Assets/Gallno/gallno-01.webm
Assets/Gallno/gallno_2.1.avif,Assets/Gallno/gallno-02-01.avif
Assets/Gallno/gallno_2.2.avif,Assets/Gallno/gallno-02-02.avif
Assets/Gallno/gallno_3.webm,Assets/Gallno/gallno-03.webm
Assets/Gallno/gallno_4.1.avif,Assets/Gallno/gallno-04-01.avif
Assets/Gallno/gallno_4.2.avif,Assets/Gallno/gallno-04-02.avif
Assets/Gallno/gallno_5.1.webm,Assets/Gallno/gallno-05-01.webm
Assets/Gallno/gallno_5.2.avif,Assets/Gallno/gallno-05-02.avif
Assets/Gallno/gallno_6.avif,Assets/Gallno/gallno-06.avif
Assets/Gallno/gallno_7.avif,Assets/Gallno/gallno-07.avif
Assets/HyperIsland/4.1.avif,Assets/HyperIsland/hyperisland-04-01.avif
Assets/HyperIsland/HI_1.svg,Assets/HyperIsland/hyperisland-hi-01.svg
Assets/HyperIsland/HI_2.1.webm,Assets/HyperIsland/hyperisland-hi-02-01.webm
Assets/HyperIsland/HI_2.2.avif,Assets/HyperIsland/hyperisland-hi-02-02.avif
Assets/HyperIsland/HI_4.2.avif,Assets/HyperIsland/hyperisland-hi-04-02.avif
Assets/HyperIsland/HI_5.svg,Assets/HyperIsland/hyperisland-hi-05.svg
Assets/Index/Backfabrik_cover.jpg,Assets/Index/index-backfabrik-cover.jpg
Assets/Index/Bailet_cover.jpg,Assets/Index/index-bailet-cover.jpg
Assets/Index/Blankens_cover.jpg,Assets/Index/index-blankens-cover.jpg
Assets/Index/Bord_cover.jpg,Assets/Index/index-bord-cover.jpg
Assets/Index/ClaesDalen_cover.webp,Assets/Index/index-claesdalen-cover.webp
Assets/Index/CoopSkargarden_cover.jpg,Assets/Index/index-coopskargarden-cover.jpg
Assets/Index/CucinaPovera_cover.jpg,Assets/Index/index-cucinapovera-cover.jpg
Assets/Index/Gallno_cover.jpg,Assets/Index/index-gallno-cover.jpg
Assets/Index/Goalplan_cover.jpg,Assets/Index/index-goalplan-cover.jpg
Assets/Index/HyperIsland_cover.webp,Assets/Index/index-hyperisland-cover.webp
Assets/Index/JeanericaArchive_cover.jpg,Assets/Index/index-jeanericaarchive-cover.jpg
Assets/Index/Lindbergs_cover.jpg,Assets/Index/index-lindbergs-cover.jpg
Assets/Index/Modha_cover.jpg,Assets/Index/index-modha-cover.jpg
Assets/Index/REMM_cover.jpg,Assets/Index/index-remm-cover.jpg
Assets/Index/Reseller_cover.avif,Assets/Index/index-reseller-cover.avif
Assets/Index/SnackaOmSjukt_cover.jpg,Assets/Index/index-snackaomsjukt-cover.jpg
Assets/Index/StefanEkengren_cover.jpg,Assets/Index/index-stefanekengren-cover.jpg
Assets/Index/Stelly_cover.webp,Assets/Index/index-stelly-cover.webp
Assets/Index/UniversalMusic_cover.jpg,Assets/Index/index-universalmusic-cover.jpg
Assets/Lindbergs/lindbergs_01.webm,Assets/Lindbergs/lindbergs-01.webm
Assets/Lindbergs/lindbergs_02.svg,Assets/Lindbergs/lindbergs-02.svg
Assets/Lindbergs/lindbergs_03.1.svg,Assets/Lindbergs/lindbergs-03-01.svg
Assets/Lindbergs/lindbergs_03.2.gif,Assets/Lindbergs/lindbergs-03-02.gif
Assets/Lindbergs/lindbergs_04.svg,Assets/Lindbergs/lindbergs-04.svg
Assets/Lindbergs/lindbergs_05.avif,Assets/Lindbergs/lindbergs-05.avif
Assets/Lindbergs/lindbergs_06.svg,Assets/Lindbergs/lindbergs-06.svg
Assets/Lindbergs/lindbergs_07.svg,Assets/Lindbergs/lindbergs-07.svg
Assets/Lindbergs/lindbergs_08.avif,Assets/Lindbergs/lindbergs-08.avif
Assets/Lindbergs/lindbergs_09.1.svg,Assets/Lindbergs/lindbergs-09-01.svg
Assets/Lindbergs/lindbergs_09.2.avif,Assets/Lindbergs/lindbergs-09-02.avif
Assets/Lindbergs/lindbergs_10.webm,Assets/Lindbergs/lindbergs-10.webm
Assets/Lindbergs/lindbergs_11.mp4,Assets/Lindbergs/lindbergs-11.mp4
Assets/Modha/Modha_1.webm,Assets/Modha/modha-01.webm
Assets/Modha/Modha_2.jpg,Assets/Modha/modha-02.jpg
Assets/Modha/Modha_3.svg,Assets/Modha/modha-03.svg
Assets/Modha/Modha_4.jpg,Assets/Modha/modha-04.jpg
Assets/Modha/Modha_5.1.svg,Assets/Modha/modha-05-01.svg
Assets/Modha/Modha_5.2.svg,Assets/Modha/modha-05-02.svg
Assets/Modha/Modha_6.webm,Assets/Modha/modha-06.webm
Assets/Modha/Modha_7.avif,Assets/Modha/modha-07.avif
Assets/Modha/Modha_8.webm,Assets/Modha/modha-08.webm
Assets/Modha/Modha_9.1.avif,Assets/Modha/modha-09-01.avif
Assets/Modha/Modha_9.2.avif,Assets/Modha/modha-09-02.avif
Assets/REMM/REMM_1.mov,Assets/REMM/remm-01.mov
Assets/REMM/REMM_1.webm,Assets/REMM/remm-01.webm
Assets/REMM/REMM_10.jpg,Assets/REMM/remm-10.jpg
Assets/REMM/REMM_2.1.jpg,Assets/REMM/remm-02-01.jpg
Assets/REMM/REMM_2.2.jpg,Assets/REMM/remm-02-02.jpg
Assets/REMM/REMM_3.mp4,Assets/REMM/remm-03.mp4
Assets/REMM/REMM_3.webm,Assets/REMM/remm-03.webm
Assets/REMM/REMM_4.1.jpg,Assets/REMM/remm-04-01.jpg
Assets/REMM/REMM_4.2.jpg,Assets/REMM/remm-04-02.jpg
Assets/REMM/REMM_5.1.jpg,Assets/REMM/remm-05-01.jpg
Assets/REMM/REMM_5.2.jpg,Assets/REMM/remm-05-02.jpg
Assets/REMM/REMM_6.jpg,Assets/REMM/remm-06.jpg
Assets/REMM/REMM_7.1.mp4,Assets/REMM/remm-07-01.mp4
Assets/REMM/REMM_7.1.webm,Assets/REMM/remm-07-01.webm
Assets/REMM/REMM_7.2.mp4,Assets/REMM/remm-07-02.mp4
Assets/REMM/REMM_7.2.webm,Assets/REMM/remm-07-02.webm
Assets/REMM/REMM_8.jpg,Assets/REMM/remm-08.jpg
Assets/REMM/REMM_9.1.jpg,Assets/REMM/remm-09-01.jpg
Assets/REMM/REMM_9.2.jpg,Assets/REMM/remm-09-02.jpg
Assets/Shop/184dd2a85fb3742d04350fe3e3e67f2f_shop_img_02-p-800.jpg,Assets/Shop/shop-184dd2a85fb3742d04350fe3e3e67f2f-shop-img-02-p-800.jpg
Assets/Shop/Shop_2.2.mp4,Assets/Shop/shop-02-02.mp4
Assets/Shop/Shop_2.2.webm,Assets/Shop/shop-02-02.webm
Assets/SnackaOmSjukt/snackomsjukt_1.webm,Assets/SnackaOmSjukt/snackaomsjukt-snackomsjukt-01.webm
Assets/SnackaOmSjukt/snackomsjukt_2.webm,Assets/SnackaOmSjukt/snackaomsjukt-snackomsjukt-02.webm
Assets/SnackaOmSjukt/snackomsjukt_3.webm,Assets/SnackaOmSjukt/snackaomsjukt-snackomsjukt-03.webm
Assets/SnackaOmSjukt/snackomsjukt_4.1.avif,Assets/SnackaOmSjukt/snackaomsjukt-snackomsjukt-04-01.avif
Assets/SnackaOmSjukt/snackomsjukt_4.2.avif,Assets/SnackaOmSjukt/snackaomsjukt-snackomsjukt-04-02.avif
Assets/SnackaOmSjukt/snackomsjukt_5.webm,Assets/SnackaOmSjukt/snackaomsjukt-snackomsjukt-05.webm
Assets/SnackaOmSjukt/snackomsjukt_6.avif,Assets/SnackaOmSjukt/snackaomsjukt-snackomsjukt-06.avif
Assets/SnackaOmSjukt/snackomsjukt_7.avif,Assets/SnackaOmSjukt/snackaomsjukt-snackomsjukt-07.avif
Assets/StefanEkengren/stefanekengren.2.1,Assets/StefanEkengren/stefanekengren-02.1
Assets/StefanEkengren/stefanekengren_1.mp4,Assets/StefanEkengren/stefanekengren-01.mp4
Assets/StefanEkengren/stefanekengren_2.2,Assets/StefanEkengren/stefanekengren-02.2
Assets/StefanEkengren/stefanekengren_3.webp,Assets/StefanEkengren/stefanekengren-03.webp
Assets/StefanEkengren/stefanekengren_4.1,Assets/StefanEkengren/stefanekengren-04.1
Assets/StefanEkengren/stefanekengren_4.2,Assets/StefanEkengren/stefanekengren-04.2
Assets/StefanEkengren/stefanekengren_5.svg,Assets/StefanEkengren/stefanekengren-05.svg
Assets/StefanEkengren/stefanekengren_6.1,Assets/StefanEkengren/stefanekengren-06.1
Assets/StefanEkengren/stefanekengren_6.2,Assets/StefanEkengren/stefanekengren-06.2
Assets/StefanEkengren/stefanekengren_7.png,Assets/StefanEkengren/stefanekengren-07.png
Assets/UniversalMusic/bravado_01.jpg,Assets/UniversalMusic/universalmusic-bravado-01.jpg
Assets/UniversalMusic/bravado_02.1.jpg,Assets/UniversalMusic/universalmusic-bravado-02-01.jpg
Assets/UniversalMusic/bravado_02.2.jpg,Assets/UniversalMusic/universalmusic-bravado-02-02.jpg
Assets/UniversalMusic/bravado_03.jpg,Assets/UniversalMusic/universalmusic-bravado-03.jpg
Assets/UniversalMusic/bravado_04.1.jpg,Assets/UniversalMusic/universalmusic-bravado-04-01.jpg
Assets/UniversalMusic/bravado_04.2.jpg,Assets/UniversalMusic/universalmusic-bravado-04-02.jpg
Assets/UniversalMusic/bravado_05.1.jpg,Assets/UniversalMusic/universalmusic-bravado-05-01.jpg
Assets/UniversalMusic/bravado_05.2.jpg,Assets/UniversalMusic/universalmusic-bravado-05-02.jpg
Assets/UniversalMusic/bravado_06.mp4,Assets/UniversalMusic/universalmusic-bravado-06.mp4
Assets/UniversalMusic/bravado_7.1.jpg,Assets/UniversalMusic/universalmusic-bravado-07-01.jpg
Assets/UniversalMusic/bravado_7.2.jpg,Assets/UniversalMusic/universalmusic-bravado-07-02.jpg
Assets/claes-dalen/claes-dalen_1.webp,Assets/claes-dalen/claes-dalen-01.webp
Assets/claes-dalen/claes-dalen_2.webp,Assets/claes-dalen/claes-dalen-02.webp
Assets/claes-dalen/claes-dalen_3.webp,Assets/claes-dalen/claes-dalen-03.webp
Assets/claes-dalen/claes-dalen_4.webp,Assets/claes-dalen/claes-dalen-04.webp
Assets/claes-dalen/claes-dalen_5.avif,Assets/claes-dalen/claes-dalen-05.avif
Assets/goalplan/x1.1.avif,Assets/goalplan/goalplan-x1-01.avif
Assets/goalplan/x1.2.svg,Assets/goalplan/goalplan-x1-02.svg
Assets/goalplan/x2.avif,Assets/goalplan/goalplan-x2.avif
Assets/goalplan/x3.svg,Assets/goalplan/goalplan-x3.svg
Assets/goalplan/x4.svg,Assets/goalplan/goalplan-x4.svg
Assets/goalplan/x5.1.avif,Assets/goalplan/goalplan-x5-01.avif
Assets/goalplan/x5.2.avif,Assets/goalplan/goalplan-x5-02.avif
Assets/goalplan/x5.avif,Assets/goalplan/goalplan-x5.avif
Assets/goalplan/x6.svg,Assets/goalplan/goalplan-x6.svg
Assets/goalplan/x8.svg,Assets/goalplan/goalplan-x8.svg
Assets/images/Property-1Default.svg,Assets/images/images-property-1default.svg
Assets/images/Property-1Variant2.svg,Assets/images/images-property-1variant2.svg
Assets/images/favicon.png,Assets/images/images-favicon.png
Assets/images/og_image_635.webp,Assets/images/images-og-image-635.webp
Assets/images/webclip.png,Assets/images/images-webclip.png
Assets/jeanerica-archive/jeanerica-archive1.webp,Assets/jeanerica-archive/jeanerica-archive-jeanerica-archive1.webp
Assets/jeanerica-archive/jeanerica-archive2.1.avif,Assets/jeanerica-archive/jeanerica-archive-jeanerica-archive2-01.avif
Assets/jeanerica-archive/jeanerica-archive2.2.webp,Assets/jeanerica-archive/jeanerica-archive-jeanerica-archive2-02.webp
Assets/jeanerica-archive/jeanerica-archive3.webp,Assets/jeanerica-archive/jeanerica-archive-jeanerica-archive3.webp
Assets/jeanerica-archive/jeanerica-archive4.webp,Assets/jeanerica-archive/jeanerica-archive-jeanerica-archive4.webp
Assets/jeanerica-archive/jeanerica-archive5.webp,Assets/jeanerica-archive/jeanerica-archive-jeanerica-archive5.webp
Assets/jeanerica-archive/jeanerica-archive6.1.webp,Assets/jeanerica-archive/jeanerica-archive-jeanerica-archive6-01.webp
Assets/jeanerica-archive/jeanerica-archive6.2.webp,Assets/jeanerica-archive/jeanerica-archive-jeanerica-archive6-02.webp
Assets/jeanerica-imparfaite/x_1.webm,Assets/jeanerica-imparfaite/jeanerica-imparfaite-x-01.webm
Assets/jeanerica-imparfaite/x_2.avif,Assets/jeanerica-imparfaite/jeanerica-imparfaite-x-02.avif
Assets/jeanerica-imparfaite/x_3.avif,Assets/jeanerica-imparfaite/jeanerica-imparfaite-x-03.avif
Assets/jeanerica-imparfaite/x_4.avif,Assets/jeanerica-imparfaite/jeanerica-imparfaite-x-04.avif
Assets/jeanerica-imparfaite/x_5.avif,Assets/jeanerica-imparfaite/jeanerica-imparfaite-x-05.avif
Assets/videos/Comp_2_1.mp4,Assets/videos/videos-comp-02-01.mp4
Assets/videos/Comp_2_1_4.mp4,Assets/videos/videos-comp-02-01-04.mp4
Assets/videos/IMG_2694_1.mp4,Assets/videos/videos-img-2694-01.mp4
Assets/videos/IMG_2694_1.webm,Assets/videos/videos-img-2694-01.webm
Assets/videos/Nils_1-poster-00001.jpg,Assets/videos/videos-nils-01-poster-00001.jpg
Assets/videos/Nils_1-transcode.mp4,Assets/videos/videos-nils-01-transcode.mp4
Assets/videos/Nils_1-transcode.webm,Assets/videos/videos-nils-01-transcode.webm
Assets/videos/bailet_hemsidan_icon_morf-poster-00001.jpg,Assets/videos/videos-bailet-hemsidan-icon-morf-poster-00001.jpg
Assets/videos/bailet_hemsidan_icon_morf-transcode.mp4,Assets/videos/videos-bailet-hemsidan-icon-morf-transcode.mp4
Assets/videos/bailet_hemsidan_icon_morf-transcode.webm,Assets/videos/videos-bailet-hemsidan-icon-morf-transcode.webm
Assets/videos/coop_port_73.webm,Assets/videos/videos-coop-port-73.webm
Assets/videos/gallno1_1.webm,Assets/videos/videos-gallno1-01.webm
Assets/videos/gallno_1_2.webm,Assets/videos/videos-gallno-01-02.webm
Assets/videos/gallno_2_2.webm,Assets/videos/videos-gallno-02-02.webm
Assets/videos/jeanerica_1.webm,Assets/videos/videos-jeanerica-01.webm
Assets/videos/snacka_om_sjukt_1.webm,Assets/videos/videos-snacka-om-sjukt-01.webm
Assets/videos/snacka_om_sjukt_1_1.mp4,Assets/videos/videos-snacka-om-sjukt-01-01.mp4
Assets/videos/stefan14.mp4,Assets/videos/videos-stefan14.mp4
